i,file_name,pred_label,ground_label
9,1\10047.jpg,2,1
29,1\103.jpg,2,1
34,1\1050.jpg,3,1
48,1\1141.jpg,2,1
56,1\1190.jpg,2,1
63,1\1247.jpg,3,1
81,1\1311.jpg,2,1
102,1\1406.jpg,2,1
108,1\1464.jpg,2,1
109,1\1467.jpg,2,1
170,1\1727.jpg,2,1
172,1\1736.jpg,2,1
175,1\1752.jpg,3,1
177,1\1763.jpg,2,1
179,1\1771.jpg,2,1
184,1\1790.jpg,3,1
240,1\2087.jpg,2,1
241,1\2094.jpg,2,1
276,1\2295.jpg,2,1
323,1\2550.jpg,2,1
334,1\2599.jpg,2,1
342,1\2638.jpg,2,1
345,1\2652.jpg,2,1
351,1\2685.jpg,2,1
360,1\2732.jpg,2,1
390,1\287.jpg,2,1
391,1\2872.jpg,2,1
400,1\2908.jpg,2,1
411,1\2958.jpg,2,1
418,1\299.jpg,2,1
433,1\3054.jpg,2,1
631,1\3968.jpg,2,1
632,1\3971.jpg,2,1
676,1\419.jpg,2,1
678,1\4199.jpg,2,1
703,1\4287.jpg,2,1
715,1\4345.jpg,2,1
726,1\4406.jpg,3,1
761,1\4556.jpg,3,1
791,1\4661.jpg,2,1
857,1\4978.jpg,2,1
858,1\4980.jpg,2,1
863,1\4996.jpg,2,1
884,1\5115.jpg,2,1
917,1\5292.jpg,3,1
920,1\5313.jpg,3,1
929,1\5361.jpg,2,1
1049,1\5869.jpg,2,1
1050,1\5876.jpg,3,1
1051,1\5878.jpg,3,1
1054,1\5887.jpg,3,1
1120,1\614.jpg,3,1
1133,1\622.jpg,3,1
1134,1\6221.jpg,2,1
1203,1\6593.jpg,3,1
1239,1\6779.jpg,2,1
1378,1\7451.jpg,3,1
1382,1\7461.jpg,2,1
1383,1\7462.jpg,2,1
1421,1\763.jpg,3,1
1430,1\7650.jpg,2,1
1462,1\7848.jpg,2,1
1472,1\7895.jpg,2,1
1497,1\7981.jpg,2,1
1589,1\8367.jpg,3,1
1590,1\8375.jpg,2,1
1595,1\8405.jpg,3,1
1596,1\841.jpg,3,1
1679,1\8840.jpg,2,1
1692,1\8909.jpg,2,1
1789,1\9385.jpg,3,1
1792,1\9398.jpg,2,1
1794,1\9404.jpg,2,1
1796,1\9410.jpg,2,1
1828,1\9552.jpg,2,1
1832,1\9564.jpg,2,1
1837,1\9575.jpg,2,1
1839,1\9581.jpg,3,1
1885,1\9834.jpg,2,1
1926,2\10031.jpg,1,2
1936,2\10067.jpg,3,2
1946,2\10112.jpg,3,2
1950,2\10127.jpg,1,2
1952,2\10134.jpg,3,2
1954,2\10140.jpg,3,2
1960,2\10178.jpg,3,2
1965,2\10228.jpg,3,2
1967,2\10237.jpg,3,2
1969,2\10243.jpg,3,2
1983,2\10320.jpg,3,2
1991,2\1035.jpg,3,2
1992,2\10350.jpg,3,2
2003,2\10396.jpg,3,2
2004,2\104.jpg,3,2
2006,2\10408.jpg,3,2
2009,2\10422.jpg,3,2
2013,2\1044.jpg,3,2
2014,2\10443.jpg,3,2
2015,2\10444.jpg,3,2
2019,2\10457.jpg,3,2
2030,2\1052.jpg,3,2
2041,2\1058.jpg,3,2
2043,2\10589.jpg,3,2
2044,2\10590.jpg,3,2
2048,2\10598.jpg,3,2
2049,2\1060.jpg,3,2
2051,2\10611.jpg,3,2
2053,2\10616.jpg,3,2
2075,2\1075.jpg,3,2
2083,2\10788.jpg,3,2
2086,2\10806.jpg,3,2
2090,2\10827.jpg,3,2
2093,2\10842.jpg,3,2
2102,2\1089.jpg,3,2
2122,2\10975.jpg,3,2
2123,2\10982.jpg,3,2
2131,2\11006.jpg,3,2
2133,2\11008.jpg,3,2
2168,2\11169.jpg,1,2
2169,2\11173.jpg,3,2
2173,2\11187.jpg,3,2
2176,2\11196.jpg,3,2
2177,2\112.jpg,3,2
2179,2\11205.jpg,3,2
2180,2\11210.jpg,3,2
2190,2\11262.jpg,3,2
2217,2\11386.jpg,3,2
2231,2\11466.jpg,3,2
2239,2\11483.jpg,3,2
2250,2\11561.jpg,1,2
2251,2\11576.jpg,3,2
2253,2\11584.jpg,3,2
2258,2\11601.jpg,3,2
2277,2\11700.jpg,3,2
2281,2\11710.jpg,3,2
2285,2\11723.jpg,3,2
2288,2\11733.jpg,3,2
2292,2\11747.jpg,3,2
2338,2\11971.jpg,3,2
2352,2\12030.jpg,1,2
2378,2\12140.jpg,1,2
2384,2\12156.jpg,1,2
2386,2\12160.jpg,3,2
2398,2\12225.jpg,3,2
2404,2\12256.jpg,1,2
2406,2\12271.jpg,1,2
2407,2\12272.jpg,1,2
2409,2\12277.jpg,1,2
2412,2\12283.jpg,1,2
2413,2\12291.jpg,1,2
2416,2\12307.jpg,1,2
2418,2\12314.jpg,1,2
2429,2\12359.jpg,1,2
2431,2\12361.jpg,3,2
2447,2\12420.jpg,1,2
2449,2\12442.jpg,1,2
2450,2\12447.jpg,1,2
2453,2\12453.jpg,1,2
2462,2\1250.jpg,1,2
2483,2\12598.jpg,1,2
2494,2\12622.jpg,1,2
2495,2\12625.jpg,1,2
2496,2\12627.jpg,1,2
2498,2\12631.jpg,1,2
2499,2\12634.jpg,1,2
2500,2\12635.jpg,1,2
2532,2\12821.jpg,3,2
2548,2\12902.jpg,1,2
2574,2\13008.jpg,3,2
2584,2\13056.jpg,1,2
2587,2\13070.jpg,1,2
2590,2\13084.jpg,1,2
2592,2\13091.jpg,1,2
2600,2\13117.jpg,1,2
2605,2\13131.jpg,1,2
2612,2\13186.jpg,1,2
2618,2\13204.jpg,1,2
2619,2\13207.jpg,1,2
2620,2\13208.jpg,1,2
2621,2\13209.jpg,1,2
2629,2\13281.jpg,3,2
2630,2\13283.jpg,3,2
2631,2\13297.jpg,1,2
2632,2\13302.jpg,1,2
2635,2\13318.jpg,3,2
2638,2\13327.jpg,3,2
2642,2\13351.jpg,3,2
2645,2\13365.jpg,3,2
2646,2\13370.jpg,3,2
2649,2\13395.jpg,3,2
2650,2\13396.jpg,3,2
2651,2\13398.jpg,3,2
2662,2\13457.jpg,1,2
2665,2\13465.jpg,1,2
2667,2\13475.jpg,1,2
2671,2\13490.jpg,1,2
2677,2\13520.jpg,1,2
2684,2\13550.jpg,1,2
2686,2\13558.jpg,1,2
2687,2\13562.jpg,1,2
2689,2\13573.jpg,1,2
2698,2\13617.jpg,1,2
2699,2\13619.jpg,1,2
2702,2\13631.jpg,1,2
2703,2\13638.jpg,1,2
2705,2\13642.jpg,1,2
2713,2\13680.jpg,1,2
2727,2\13739.jpg,1,2
2736,2\13793.jpg,1,2
2743,2\13811.jpg,1,2
2744,2\13818.jpg,3,2
2751,2\13856.jpg,1,2
2764,2\13941.jpg,1,2
2791,2\14061.jpg,1,2
2795,2\14087.jpg,1,2
2800,2\14127.jpg,3,2
2801,2\14139.jpg,3,2
2808,2\14165.jpg,3,2
2813,2\14184.jpg,3,2
2825,2\14234.jpg,1,2
2829,2\14247.jpg,1,2
2843,2\14303.jpg,3,2
2850,2\14350.jpg,3,2
2865,2\14410.jpg,3,2
2926,2\14709.jpg,3,2
2953,2\14823.jpg,1,2
2977,2\14928.jpg,3,2
2985,2\14956.jpg,3,2
2989,2\14986.jpg,3,2
2991,2\15006.jpg,3,2
2993,2\15022.jpg,3,2
3022,2\15169.jpg,1,2
3053,2\15295.jpg,1,2
3083,2\15457.jpg,3,2
3086,2\15470.jpg,3,2
3087,2\15472.jpg,3,2
3088,2\15473.jpg,3,2
3114,2\15584.jpg,3,2
3120,2\15623.jpg,3,2
3127,2\15644.jpg,3,2
3140,2\15706.jpg,1,2
3153,2\15774.jpg,3,2
3155,2\15780.jpg,1,2
3156,2\15781.jpg,3,2
3158,2\15785.jpg,3,2
3181,2\15898.jpg,1,2
3186,2\15928.jpg,1,2
3193,2\15976.jpg,1,2
3206,2\16041.jpg,3,2
3221,2\16106.jpg,1,2
3231,2\16145.jpg,1,2
3251,2\16213.jpg,3,2
3595,2\17839.jpg,3,2
3628,2\17991.jpg,3,2
3639,2\1807.jpg,1,2
3676,2\18260.jpg,3,2
3775,2\18704.jpg,3,2
3776,2\18710.jpg,3,2
3780,2\18723.jpg,3,2
3889,2\19193.jpg,1,2
3920,2\19348.jpg,3,2
3938,2\1941.jpg,3,2
3939,2\19411.jpg,3,2
3941,2\19420.jpg,3,2
3943,2\19427.jpg,3,2
3945,2\19436.jpg,3,2
3950,2\19452.jpg,3,2
3952,2\19462.jpg,3,2
3956,2\19476.jpg,3,2
3959,2\19482.jpg,3,2
3961,2\19490.jpg,3,2
3967,2\19521.jpg,3,2
3974,2\19560.jpg,3,2
3993,2\19651.jpg,3,2
3994,2\19654.jpg,3,2
3996,2\19662.jpg,3,2
3999,2\19675.jpg,3,2
4001,2\19683.jpg,3,2
4002,2\19686.jpg,3,2
4009,2\19730.jpg,3,2
4020,2\19793.jpg,3,2
4029,2\19828.jpg,3,2
4033,2\19855.jpg,3,2
4037,2\19860.jpg,3,2
4114,2\20220.jpg,1,2
4126,2\20272.jpg,3,2
4223,2\20693.jpg,3,2
4243,2\20772.jpg,3,2
4285,2\20999.jpg,3,2
4352,2\21305.jpg,1,2
4355,2\21315.jpg,3,2
4359,2\21325.jpg,3,2
4366,2\21344.jpg,3,2
4486,2\2187.jpg,3,2
4519,2\22036.jpg,3,2
4536,2\22120.jpg,3,2
4563,2\22267.jpg,3,2
4571,2\22299.jpg,3,2
4580,2\22358.jpg,3,2
4586,2\22381.jpg,1,2
4817,2\2340.jpg,1,2
4864,2\23586.jpg,3,2
4890,2\23690.jpg,3,2
4895,2\23706.jpg,3,2
4920,2\2456.jpg,3,2
4959,2\2666.jpg,3,2
4965,2\2692.jpg,1,2
4979,2\2734.jpg,1,2
4986,2\2774.jpg,1,2
4995,2\2800.jpg,3,2
4997,2\2809.jpg,3,2
5008,2\2857.jpg,1,2
5009,2\2858.jpg,1,2
5018,2\2888.jpg,3,2
5021,2\2900.jpg,1,2
5025,2\2914.jpg,1,2
5027,2\2926.jpg,3,2
5047,2\3018.jpg,3,2
5050,2\3033.jpg,3,2
5059,2\3062.jpg,1,2
5060,2\3067.jpg,1,2
5075,2\3150.jpg,3,2
5086,2\3183.jpg,3,2
5087,2\320.jpg,3,2
5095,2\3241.jpg,3,2
5097,2\3245.jpg,3,2
5103,2\3266.jpg,3,2
5127,2\3377.jpg,3,2
5132,2\3392.jpg,3,2
5135,2\3406.jpg,3,2
5138,2\3431.jpg,3,2
5141,2\3446.jpg,3,2
5150,2\3490.jpg,3,2
5154,2\3508.jpg,1,2
5157,2\352.jpg,3,2
5172,2\3590.jpg,3,2
5173,2\3591.jpg,3,2
5175,2\3597.jpg,3,2
5179,2\3628.jpg,3,2
5210,2\3741.jpg,3,2
5211,2\3766.jpg,1,2
5216,2\3782.jpg,3,2
5218,2\3798.jpg,3,2
5224,2\3814.jpg,3,2
5227,2\3836.jpg,3,2
5228,2\384.jpg,3,2
5236,2\3881.jpg,3,2
5241,2\392.jpg,3,2
5250,2\3959.jpg,3,2
5270,2\406.jpg,3,2
5312,2\4247.jpg,3,2
5320,2\4283.jpg,3,2
5323,2\4289.jpg,3,2
5326,2\4297.jpg,3,2
5327,2\4298.jpg,3,2
5332,2\4322.jpg,3,2
5356,2\4427.jpg,3,2
5358,2\4436.jpg,3,2
5362,2\4461.jpg,3,2
5363,2\4462.jpg,3,2
5366,2\4467.jpg,3,2
5367,2\4469.jpg,3,2
5371,2\4483.jpg,3,2
5372,2\4486.jpg,3,2
5375,2\4509.jpg,3,2
5388,2\4550.jpg,3,2
5402,2\4652.jpg,3,2
5408,2\4691.jpg,3,2
5409,2\4692.jpg,3,2
5413,2\4699.jpg,3,2
5414,2\4704.jpg,3,2
5422,2\4749.jpg,3,2
5439,2\4801.jpg,1,2
5449,2\4847.jpg,3,2
5467,2\4918.jpg,3,2
5472,2\4931.jpg,3,2
5483,2\497.jpg,3,2
5499,2\5036.jpg,1,2
5502,2\5058.jpg,3,2
5506,2\5074.jpg,3,2
5507,2\508.jpg,3,2
5517,2\5120.jpg,3,2
5522,2\5135.jpg,3,2
5523,2\5141.jpg,1,2
5554,2\5295.jpg,3,2
5637,2\5659.jpg,3,2
5670,2\5753.jpg,3,2
5706,2\591.jpg,3,2
5758,2\6113.jpg,3,2
5767,2\6154.jpg,3,2
5771,2\6164.jpg,3,2
5806,2\63.jpg,3,2
5808,2\6300.jpg,1,2
5837,2\6444.jpg,1,2
5838,2\6445.jpg,1,2
5852,2\6516.jpg,3,2
5930,2\687.jpg,3,2
5931,2\6880.jpg,3,2
5936,2\694.jpg,3,2
5937,2\6946.jpg,3,2
5947,2\700.jpg,3,2
5959,2\7060.jpg,3,2
5973,2\7107.jpg,3,2
5986,2\718.jpg,3,2
5996,2\7218.jpg,3,2
6002,2\7247.jpg,3,2
6019,2\7343.jpg,3,2
6028,2\7385.jpg,3,2
6062,2\754.jpg,3,2
6069,2\7582.jpg,3,2
6075,2\7604.jpg,3,2
6078,2\761.jpg,3,2
6085,2\7626.jpg,3,2
6092,2\767.jpg,3,2
6102,2\7715.jpg,3,2
6117,2\777.jpg,3,2
6133,2\7861.jpg,3,2
6137,2\7881.jpg,3,2
6140,2\7904.jpg,3,2
6148,2\7938.jpg,3,2
6149,2\795.jpg,3,2
6151,2\7956.jpg,3,2
6153,2\7970.jpg,3,2
6172,2\8045.jpg,3,2
6174,2\8052.jpg,3,2
6180,2\8072.jpg,3,2
6182,2\8080.jpg,3,2
6183,2\8081.jpg,3,2
6185,2\8095.jpg,3,2
6188,2\8112.jpg,3,2
6190,2\8120.jpg,3,2
6191,2\8121.jpg,3,2
6226,2\8281.jpg,3,2
6227,2\8282.jpg,3,2
6229,2\8289.jpg,3,2
6230,2\8290.jpg,3,2
6250,2\8368.jpg,3,2
6260,2\8393.jpg,3,2
6269,2\8416.jpg,3,2
6270,2\8430.jpg,3,2
6276,2\8441.jpg,3,2
6302,2\856.jpg,3,2
6310,2\8597.jpg,3,2
6320,2\8639.jpg,3,2
6349,2\880.jpg,3,2
6355,2\8834.jpg,3,2
6357,2\8838.jpg,3,2
6364,2\8878.jpg,3,2
6381,2\894.jpg,3,2
6385,2\8955.jpg,3,2
6394,2\8987.jpg,3,2
6398,2\9001.jpg,3,2
6405,2\9019.jpg,3,2
6406,2\9020.jpg,3,2
6408,2\9030.jpg,3,2
6410,2\9032.jpg,3,2
6419,2\9078.jpg,3,2
6428,2\9127.jpg,3,2
6432,2\9145.jpg,3,2
6434,2\9149.jpg,3,2
6435,2\915.jpg,3,2
6437,2\9158.jpg,3,2
6438,2\9159.jpg,3,2
6441,2\9162.jpg,3,2
6445,2\9176.jpg,3,2
6448,2\9189.jpg,3,2
6451,2\9213.jpg,3,2
6455,2\9245.jpg,3,2
6460,2\9267.jpg,1,2
6464,2\9299.jpg,3,2
6469,2\9324.jpg,3,2
6471,2\9328.jpg,3,2
6477,2\9368.jpg,3,2
6483,2\9392.jpg,1,2
6484,2\9394.jpg,1,2
6485,2\9400.jpg,3,2
6487,2\9410.jpg,3,2
6488,2\9411.jpg,3,2
6490,2\9416.jpg,3,2
6499,2\9457.jpg,3,2
6504,2\9484.jpg,3,2
6507,2\9506.jpg,3,2
6512,2\9531.jpg,3,2
6513,2\9533.jpg,3,2
6517,2\956.jpg,3,2
6528,2\9619.jpg,3,2
6529,2\9630.jpg,1,2
6535,2\9647.jpg,1,2
6537,2\9649.jpg,1,2
6542,2\9666.jpg,1,2
6544,2\9675.jpg,3,2
6554,2\9731.jpg,3,2
6556,2\9751.jpg,3,2
6578,2\9874.jpg,3,2
6584,2\9907.jpg,1,2
6586,2\9933.jpg,3,2
6589,2\9949.jpg,3,2
6592,2\9960.jpg,1,2
6594,2\9969.jpg,3,2
6597,2\9978.jpg,3,2
6600,2\9993.jpg,3,2
6624,3\10084.jpg,2,3
6757,3\10669.jpg,2,3
6797,3\10829.jpg,2,3
6885,3\11228.jpg,2,3
6887,3\11243.jpg,2,3
6905,3\11326.jpg,2,3
7035,3\11899.jpg,2,3
7055,3\11987.jpg,2,3
7279,3\12936.jpg,2,3
7308,3\13131.jpg,2,3
7310,3\13144.jpg,2,3
7314,3\13155.jpg,2,3
7379,3\13528.jpg,2,3
7428,3\13694.jpg,2,3
7461,3\1388.jpg,2,3
7485,3\14.jpg,2,3
7500,3\14064.jpg,1,3
7503,3\14077.jpg,1,3
7507,3\14093.jpg,1,3
7541,3\14226.jpg,1,3
7561,3\14372.jpg,2,3
7563,3\14389.jpg,2,3
7566,3\14400.jpg,1,3
7568,3\14409.jpg,1,3
7571,3\14418.jpg,1,3
7579,3\14448.jpg,1,3
7588,3\14512.jpg,2,3
7605,3\14606.jpg,2,3
7642,3\14742.jpg,2,3
7683,3\14915.jpg,2,3
7689,3\14929.jpg,2,3
7704,3\14988.jpg,2,3
7762,3\15298.jpg,2,3
7768,3\15330.jpg,2,3
7793,3\15459.jpg,2,3
7857,3\15707.jpg,2,3
7879,3\15825.jpg,2,3
7884,3\15844.jpg,2,3
7888,3\15879.jpg,2,3
7910,3\15964.jpg,2,3
7920,3\16002.jpg,2,3
7932,3\16042.jpg,2,3
8050,3\16646.jpg,2,3
8067,3\16699.jpg,2,3
8102,3\16934.jpg,2,3
8170,3\1724.jpg,2,3
8172,3\17248.jpg,2,3
8177,3\17268.jpg,2,3
8406,3\18257.jpg,2,3
8409,3\18269.jpg,2,3
8411,3\18271.jpg,2,3
8417,3\18301.jpg,2,3
8428,3\18347.jpg,2,3
8474,3\18617.jpg,2,3
8524,3\18811.jpg,2,3
8534,3\18839.jpg,2,3
8543,3\18880.jpg,2,3
8650,3\19285.jpg,2,3
8659,3\19311.jpg,2,3
8663,3\19338.jpg,2,3
8704,3\19554.jpg,2,3
8769,3\19834.jpg,2,3
8779,3\199.jpg,2,3
8790,3\19947.jpg,2,3
8791,3\19952.jpg,2,3
8793,3\19961.jpg,2,3
8843,3\20158.jpg,2,3
8857,3\20213.jpg,1,3
8956,3\20656.jpg,1,3
9016,3\20915.jpg,2,3
9052,3\2112.jpg,2,3
9084,3\21248.jpg,2,3
9120,3\21421.jpg,2,3
9126,3\21445.jpg,2,3
9147,3\21520.jpg,2,3
9154,3\21556.jpg,2,3
9500,3\23002.jpg,2,3
9501,3\23018.jpg,2,3
9510,3\23058.jpg,2,3
9611,3\23513.jpg,2,3
9647,3\23694.jpg,2,3
9716,3\24.jpg,2,3
9738,3\24115.jpg,2,3
9815,3\24453.jpg,2,3
9860,3\24664.jpg,2,3
9879,3\24764.jpg,2,3
9880,3\24769.jpg,2,3
9888,3\24793.jpg,2,3
9897,3\24841.jpg,2,3
9901,3\24869.jpg,2,3
9903,3\24870.jpg,2,3
9918,3\24944.jpg,2,3
10008,3\25358.jpg,2,3
10085,3\25717.jpg,2,3
10149,3\2607.jpg,2,3
10174,3\2616.jpg,2,3
10192,3\26227.jpg,2,3
10281,3\26615.jpg,2,3
10365,3\2690.jpg,2,3
10387,3\26985.jpg,2,3
10422,3\27147.jpg,2,3
10430,3\27188.jpg,2,3
10466,3\2736.jpg,2,3
10632,3\28126.jpg,2,3
10649,3\2822.jpg,2,3
10650,3\28226.jpg,2,3
10740,3\28620.jpg,2,3
10751,3\2866.jpg,2,3
10819,3\28962.jpg,2,3
10820,3\28963.jpg,2,3
10896,3\29340.jpg,2,3
10897,3\29346.jpg,2,3
10910,3\29387.jpg,2,3
10949,3\29572.jpg,2,3
11076,3\30112.jpg,2,3
11129,3\3035.jpg,2,3
11260,3\30930.jpg,1,3
11324,3\31252.jpg,2,3
11327,3\31259.jpg,2,3
11334,3\31280.jpg,2,3
11337,3\31294.jpg,2,3
11338,3\31303.jpg,2,3
11415,3\31666.jpg,2,3
11436,3\31754.jpg,2,3
11468,3\31940.jpg,1,3
11475,3\31961.jpg,2,3
11476,3\31963.jpg,1,3
11478,3\31975.jpg,2,3
11482,3\31982.jpg,1,3
11500,3\32068.jpg,1,3
11519,3\32131.jpg,2,3
11521,3\32139.jpg,1,3
11523,3\32141.jpg,2,3
11546,3\32238.jpg,2,3
11572,3\325.jpg,2,3
11683,3\3682.jpg,2,3
11715,3\3844.jpg,2,3
11844,3\434.jpg,2,3
11855,3\4392.jpg,2,3
11912,3\4602.jpg,2,3
11963,3\4841.jpg,2,3
12103,3\553.jpg,2,3
12112,3\5575.jpg,2,3
12139,3\5714.jpg,2,3
12175,3\588.jpg,2,3
12222,3\6087.jpg,2,3
12224,3\6096.jpg,2,3
12281,3\6385.jpg,2,3
12321,3\6595.jpg,2,3
12380,3\6815.jpg,2,3
12390,3\6862.jpg,2,3
12470,3\7241.jpg,2,3
12517,3\743.jpg,2,3
12530,3\7469.jpg,2,3
12543,3\7511.jpg,2,3
12587,3\7764.jpg,2,3
12631,3\7960.jpg,2,3
12665,3\8114.jpg,2,3
12673,3\8147.jpg,2,3
12685,3\8217.jpg,2,3
12777,3\8585.jpg,1,3
12861,3\8960.jpg,2,3
12865,3\8988.jpg,2,3
12892,3\9169.jpg,2,3
12899,3\9203.jpg,2,3
12903,3\9219.jpg,1,3
12905,3\9236.jpg,2,3
12906,3\9238.jpg,2,3
12907,3\9252.jpg,2,3
